{
    "1.jpg": [23.113592, -82.366592],
    "2.jpg": [-3.188267, 55.953251],
    "3.jpg": [7.491302, 9.072264],
    "4.jpg": [55.751244, 37.618423],
    "5.jpg": [34.543896, 69.160652],
    "6.jpg": [39.178326, -6.776012],
    "7.jpg": [-3.188267, 55.953251],
    "8.jpg": [2.349014, 48.864716],
    "9.jpg": [55.751244,  37.618423],
    "10.jpg": [21.017532, 52.237049],
    "11.jpg": [45.318161,  2.046934]
 }
  